ID,Recency,Frequency,Monetary,churn
0,422,1,70951.0,1
1,15,1,57091.0,0
9,681,1,46098.0,1
13,343,1,25358.0,1
17,297,1,60491.0,1
20,302,1,46891.0,1
22,574,1,46310.0,1
24,135,1,17144.0,1
25,591,1,65148.0,1
35,660,1,25545.0,1
48,67,1,55761.0,0
49,50,1,20587.0,0
55,570,1,56253.0,1
67,285,1,46423.0,1
73,400,1,51411.0,1
75,340,1,41039.0,1
78,288,1,25293.0,1
87,308,1,27733.0,1
89,203,1,22212.0,1
92,49,1,34176.0,0
113,349,1,30833.0,1
115,461,1,43456.0,1
123,540,1,67046.0,1
125,411,1,53083.0,1
143,309,1,61209.0,1
146,227,1,76045.0,1
153,256,1,23272.0,1
158,225,1,71604.0,1
164,625,1,28973.0,1
175,536,1,71952.0,1
176,179,1,67506.0,1
178,497,1,62503.0,1
182,415,1,44124.0,1
193,133,1,14421.0,1
194,21,1,48006.0,0
195,673,1,38808.0,1
199,526,1,45183.0,1
202,86,1,82032.0,0
203,442,1,81169.0,1
213,33,1,23091.0,0
217,584,1,64857.0,1
221,429,1,48726.0,1
231,111,1,28839.0,1
232,348,1,61559.0,1
234,628,1,15287.0,1
236,527,1,34838.0,1
238,523,1,67309.0,1
241,414,1,83844.0,1
246,30,1,66480.0,0
247,590,1,36715.0,1
252,470,1,41003.0,1
254,44,1,53863.0,0
255,92,1,22263.0,1
257,428,1,75032.0,1
263,33,1,45576.0,0
269,591,1,46757.0,1
271,271,1,40590.0,1
273,349,1,36138.0,1
274,189,1,34853.0,1
286,213,1,44213.0,1
291,376,1,72940.0,1
295,346,1,81217.0,1
304,189,1,22944.0,1
309,622,1,63342.0,1
310,199,1,61872.0,1
313,245,1,73455.0,1
322,534,1,42554.0,1
326,497,1,51148.0,1
332,465,1,47743.0,1
339,584,1,57091.0,1
340,562,1,72967.0,1
347,660,1,40780.0,1
359,533,1,48070.0,1
361,132,1,43142.0,1
367,496,1,36550.0,1
368,578,1,40049.0,1
375,490,1,76773.0,1
378,547,1,52531.0,1
380,658,1,64497.0,1
387,594,1,7500.0,1
405,502,1,41638.0,1
425,496,1,55357.0,1
433,477,1,61331.0,1
437,156,1,75012.0,1
448,486,1,54880.0,1
450,353,1,42315.0,1
451,192,1,9255.0,1
453,1,1,35340.0,0
454,593,1,69508.0,1
455,438,1,51012.0,1
456,508,1,7500.0,1
460,691,1,79930.0,1
466,453,1,65275.0,1
477,13,1,83512.0,0
486,148,1,84219.0,1
492,620,1,48432.0,1
498,148,1,30015.0,1
500,328,1,96876.0,1
503,475,1,20559.0,1
520,364,1,34421.0,1
521,650,1,54006.0,1
523,515,1,37155.0,1
524,530,1,22634.0,1
528,578,1,65819.0,1
531,646,1,57333.0,1
535,125,1,81361.0,1
538,140,1,46107.0,1
544,415,1,62820.0,1
550,403,1,62335.0,1
564,695,1,56937.0,1
569,198,1,90273.0,1
574,68,1,42523.0,0
577,314,1,26907.0,1
590,555,1,78579.0,1
591,526,1,66033.0,1
606,263,1,25930.0,1
607,502,1,41769.0,1
610,692,1,53593.0,1
615,476,1,30507.0,1
618,640,1,69389.0,1
624,597,1,18890.0,1
626,478,1,32871.0,1
635,468,1,57183.0,1
640,476,1,57304.0,1
641,87,1,52074.0,0
642,685,1,16005.0,1
663,292,1,33996.0,1
675,409,1,52034.0,1
679,648,1,37633.0,1
692,557,1,36807.0,1
697,475,1,74918.0,1
701,236,1,73691.0,1
702,500,1,47682.0,1
709,568,1,51537.0,1
713,22,1,50353.0,0
716,39,1,67911.0,0
736,466,1,28427.0,1
737,484,1,80360.0,1
738,87,1,42395.0,0
749,223,1,42162.0,1
760,325,1,60554.0,1
762,59,1,75774.0,0
771,160,1,54178.0,1
773,365,1,42835.0,1
793,632,1,20895.0,1
796,615,1,60161.0,1
798,553,1,23442.0,1
800,304,1,44512.0,1
803,451,1,40521.0,1
807,135,1,44602.0,1
810,49,1,74190.0,0
819,237,1,63285.0,1
821,619,1,92859.0,1
830,126,1,74004.0,1
832,120,1,65814.0,1
833,92,1,38452.0,1
837,292,1,54809.0,1
839,278,1,45503.0,1
843,35,1,64722.0,0
849,375,1,56129.0,1
850,267,1,70566.0,1
851,356,1,57136.0,1
868,22,1,44794.0,0
873,637,1,62845.0,1
879,238,1,49681.0,1
880,530,1,22634.0,1
891,296,1,29298.0,1
895,568,1,61467.0,1
898,252,1,23477.0,1
902,118,1,62994.0,1
905,251,1,21846.0,1
907,213,1,46149.0,1
916,52,1,41644.0,0
922,422,1,31086.0,1
933,584,1,37717.0,1
938,335,1,40211.0,1
940,43,1,57100.0,0
942,691,1,39660.0,1
944,538,1,56181.0,1
945,404,1,36317.0,1
946,646,1,26490.0,1
948,411,1,10245.0,1
954,95,1,22123.0,1
955,610,1,47175.0,1
961,291,1,74716.0,1
965,594,1,55635.0,1
966,360,1,44529.0,1
967,344,1,46049.0,1
968,186,1,41335.0,1
975,398,1,54252.0,1
977,333,1,47320.0,1
979,495,1,33249.0,1
983,275,1,40059.0,1
988,54,1,81168.0,0
999,544,1,86037.0,1
1000,479,1,74881.0,1
1008,556,1,44953.0,1
1010,67,1,46931.0,0
1012,497,1,61823.0,1
1016,92,1,34554.0,1
1020,49,1,79593.0,0
1029,333,1,64413.0,1
1030,348,1,40637.0,1
1031,421,1,85710.0,1
1041,620,1,48432.0,1
1044,412,1,58398.0,1
1045,683,1,52117.0,1
1048,351,1,35641.0,1
1050,61,1,28332.0,0
1052,499,1,56796.0,1
1055,102,1,53204.0,1
1064,201,1,42403.0,1
1065,183,1,80695.0,1
1071,344,1,70179.0,1
1072,304,1,40760.0,1
1077,572,1,56715.0,1
1079,622,1,71969.0,1
1081,460,1,75283.0,1
1087,404,1,22669.0,1
1092,688,1,61014.0,1
1100,98,1,41275.0,1
1103,639,1,81929.0,1
1109,433,1,27590.0,1
1118,495,1,50965.0,1
1127,32,1,85844.0,0
1131,86,1,52569.0,0
1135,135,1,17144.0,1
1137,183,1,81246.0,1
1139,144,1,73356.0,1
1142,190,1,55707.0,1
1143,326,1,22063.0,1
1146,661,1,49912.0,1
1150,277,1,83532.0,1
1158,176,1,48877.0,1
1160,311,1,13260.0,1
1162,536,1,42000.0,1
1165,424,1,50729.0,1
1168,609,1,72159.0,1
1170,462,1,27573.0,1
1172,425,1,92491.0,1
1173,477,1,77632.0,1
1175,283,1,36262.0,1
1176,281,1,26228.0,1
1177,520,1,49618.0,1
1183,282,1,36408.0,1
1184,404,1,69674.0,1
1204,404,1,67536.0,1
1212,321,1,52845.0,1
1215,265,1,70440.0,1
1225,4,1,80124.0,0
1232,248,1,70038.0,1
1241,651,1,14796.0,1
1245,596,1,63810.0,1
1250,143,1,37697.0,1
1272,617,1,55250.0,1
1277,82,1,78468.0,0
1291,695,1,27683.0,1
1295,323,1,51381.5,1
1307,141,1,41986.0,1
1321,238,1,26067.0,1
1324,396,1,38872.0,1
1328,134,1,57937.0,1
1331,544,1,35790.0,1
1340,67,1,92910.0,0
1343,642,1,58554.0,1
1349,70,1,50447.0,0
1351,648,1,58656.0,1
1357,448,1,74854.0,1
1361,391,1,82584.0,1
1362,483,1,31907.0,1
1371,2,1,79941.0,0
1377,303,1,44551.0,1
1378,341,1,50334.0,1
1379,429,1,42670.0,1
1381,153,1,38513.0,1
1384,219,1,17256.0,1
1386,50,1,32474.0,0
1388,495,1,33249.0,1
1399,160,1,72905.0,1
1402,657,1,66991.0,1
1403,662,1,34984.0,1
1404,411,1,34916.0,1
1406,503,1,53201.0,1
1407,609,1,20425.0,1
1409,469,1,40689.0,1
1411,232,1,82623.0,1
1419,329,1,34026.0,1
1440,664,1,52513.0,1
1446,86,1,86424.0,0
1448,5,1,33562.0,0
1453,359,1,57513.0,1
1456,455,1,60474.0,1
1458,174,1,21059.0,1
1459,600,1,69063.0,1
1461,337,1,36921.0,1
1463,93,1,45160.0,1
1473,342,1,47823.0,1
1490,579,1,55759.0,1
1491,497,1,71488.0,1
1497,527,1,47958.0,1
1501,695,1,160803.0,1
1502,466,1,28427.0,1
1503,392,1,162397.0,1
1506,367,1,42160.0,1
1509,542,1,84460.0,1
1513,671,1,60839.0,1
1515,159,1,34176.0,1
1517,381,1,30822.0,1
1518,378,1,62694.0,1
1519,373,1,38578.0,1
1523,54,1,59041.0,0
1524,486,1,81698.0,1
1542,182,1,56243.0,1
1544,555,1,81380.0,1
1545,332,1,38508.0,1
1553,276,1,82657.0,1
1570,496,1,69702.0,1
1577,131,1,78569.0,1
1581,263,1,37406.0,1
1584,90,1,41443.0,0
1592,157,1,90765.0,1
1600,262,1,56962.0,1
1604,229,1,47353.0,1
1606,411,1,38590.0,1
1612,395,1,51381.5,1
1618,544,1,56046.0,1
1619,63,1,90369.0,0
1626,42,1,35860.0,0
1627,520,1,77297.0,1
1628,249,1,71796.0,1
1630,327,1,61825.0,1
1631,665,1,65220.0,1
1640,8,1,64587.0,0
1646,106,1,25224.0,1
1650,434,1,81843.0,1
1655,254,1,34350.0,1
1663,248,1,34043.0,1
1665,280,1,64140.0,1
1672,121,1,65640.0,1
1676,243,1,43057.0,1
1685,470,1,62981.0,1
1710,480,1,30168.0,1
1715,504,1,25851.0,1
1717,78,1,39747.0,0
1726,469,1,22585.0,1
1729,271,1,66426.0,1
1734,529,1,40706.0,1
1740,84,1,55956.0,0
1743,35,1,69719.0,0
1744,539,1,23529.0,1
1745,423,1,85696.0,1
1755,80,1,45204.0,0
1763,338,1,87679.0,1
1764,325,1,33955.0,1
1772,535,1,79174.0,1
1773,573,1,12393.0,1
1777,661,1,25965.0,1
1802,529,1,64795.0,1
1818,97,1,29732.0,1
1826,14,1,84835.0,0
1829,527,1,54959.0,1
1833,65,1,39190.0,0
1834,114,1,35544.0,1
1839,70,1,43322.0,0
1857,116,1,47139.0,1
1859,672,1,75251.0,1
1867,594,1,64849.0,1
1876,499,1,18929.0,1
1878,132,1,23148.0,1
1880,151,1,53537.0,1
1890,649,1,42033.0,1
1891,691,1,78789.0,1
1907,640,1,63120.0,1
1911,663,1,67430.0,1
1915,200,1,78939.0,1
1916,341,1,45736.0,1
1920,336,1,40321.0,1
1921,270,1,59062.0,1
1927,99,1,69401.0,1
1928,506,1,31814.0,1
1940,353,1,25252.0,1
1945,285,1,71434.0,1
1951,519,1,34445.0,1
1958,101,1,55012.0,1
1964,298,1,86610.0,1
1966,220,1,84618.0,1
1968,210,1,45684.0,1
1970,658,1,34053.0,1
1987,278,1,21063.0,1
1990,602,1,63159.0,1
1991,163,1,44931.0,1
1992,180,1,60597.0,1
1993,554,1,58607.0,1
1994,227,1,51381.5,1
1998,143,1,37697.0,1
2002,406,1,71964.0,1
2004,285,1,72679.0,1
2005,201,1,35765.0,1
2008,140,1,77583.0,1
2021,460,1,61456.0,1
2036,384,1,57906.0,1
2055,42,1,35860.0,0
2061,415,1,50737.0,1
2066,669,1,38823.0,1
2072,683,1,53374.0,1
2075,228,1,72460.0,1
2079,185,1,81044.0,1
2088,269,1,84906.0,1
2098,538,1,33581.0,1
2106,105,1,20130.0,1
2109,433,1,96843.0,1
2114,583,1,82800.0,1
2115,10,1,50116.0,0
2118,293,1,62905.0,1
2125,227,1,63033.0,1
2130,99,1,45203.0,1
2131,547,1,62859.0,1
2134,682,1,53700.0,1
2139,271,1,7500.0,1
2147,318,1,76653.0,1
2150,415,1,80995.0,1
2154,552,1,30372.0,1
2156,604,1,22554.0,1
2157,534,1,26290.0,1
2162,285,1,56939.0,1
2166,353,1,46779.0,1
2173,257,1,40049.0,1
2174,114,1,46344.0,1
2176,406,1,80134.0,1
2181,372,1,70617.0,1
2186,112,1,82326.0,1
2202,447,1,41154.0,1
2217,458,1,37284.0,1
2223,696,1,64176.0,1
2225,23,1,82582.0,0
2227,646,1,26490.0,1
2230,37,1,23626.0,0
2245,434,1,43641.0,1
2246,302,1,46891.0,1
2253,499,1,18929.0,1
2254,358,1,69520.0,1
2256,93,1,27159.0,1
2258,573,1,32880.0,1
2261,372,1,26304.0,1
2262,308,1,45143.0,1
2276,424,1,57959.0,1
2278,604,1,33812.0,1
2281,288,1,33697.0,1
2285,398,1,36634.0,1
2286,293,1,50785.0,1
2292,332,1,22327.0,1
2295,148,1,62670.0,1
2296,196,1,37368.0,1
2304,287,1,66313.0,1
2308,589,1,46734.0,1
2315,71,1,58401.0,0
2320,291,1,47025.0,1
2324,246,1,77044.0,1
2326,499,1,18929.0,1
2337,249,1,29819.0,1
2345,248,1,70038.0,1
2350,465,1,59666.0,1
2371,443,1,33622.0,1
2375,643,1,30261.0,1
2379,646,1,69267.0,1
2387,512,1,43776.0,1
2392,336,1,40321.0,1
2404,399,1,53359.0,1
2406,329,1,54591.0,1
2407,598,1,69109.0,1
2408,587,1,58597.0,1
2410,159,1,81657.0,1
2415,84,1,62568.0,0
2416,119,1,66582.0,1
2426,654,1,78825.0,1
2428,422,1,28164.0,1
2429,501,1,72071.0,1
2431,546,1,18222.0,1
2437,392,1,51381.5,1
2445,358,1,28440.0,1
2447,621,1,30545.0,1
2452,545,1,34600.0,1
2453,668,1,62807.0,1
2456,259,1,40233.0,1
2457,612,1,30801.0,1
2461,194,1,51124.0,1
2471,3,1,61482.0,0
2478,303,1,25410.0,1
2488,464,1,31395.0,1
2493,332,1,61286.0,1
2495,10,1,83891.0,0
2499,420,1,75342.0,1
2516,387,1,46831.0,1
2518,521,1,20491.0,1
2521,536,1,35178.0,1
2525,654,1,38410.0,1
2532,121,1,73454.0,1
2534,70,1,37716.0,0
2535,681,1,88097.0,1
2541,386,1,24027.0,1
2544,261,1,57530.0,1
2546,8,1,31878.0,0
2549,344,1,21840.0,1
2552,251,1,55521.0,1
2557,305,1,29548.0,1
2561,596,1,63810.0,1
2563,15,1,28249.0,0
2564,177,1,61278.0,1
2565,394,1,70638.0,1
2569,628,1,17323.0,1
2570,342,1,56534.0,1
2574,515,1,61996.0,1
2579,195,1,71113.0,1
2587,46,1,29791.0,0
2589,143,1,26759.0,1
2591,8,1,76320.0,0
2607,535,1,40464.0,1
2611,698,1,82576.0,1
2612,188,1,75794.0,1
2613,88,1,54197.0,0
2620,443,1,34596.0,1
2625,225,1,42607.0,1
2631,418,1,71853.0,1
2632,377,1,50501.0,1
2634,73,1,16653.0,0
2639,171,1,43602.0,1
2656,494,1,40851.0,1
2661,391,1,18701.0,1
2666,144,1,76234.0,1
2669,57,1,74293.0,0
2674,664,1,75154.0,1
2677,456,1,46097.0,1
2678,502,1,34412.0,1
2681,333,1,65370.0,1
2683,513,1,52413.0,1
2686,252,1,22390.0,1
2694,104,1,42664.0,1
2698,235,1,47025.0,1
2711,368,1,30560.0,1
2712,187,1,71866.0,1
2715,693,1,29435.0,1
2724,92,1,36143.0,1
2727,208,1,57100.0,1
2730,314,1,80317.0,1
2736,544,1,73807.0,1
2740,281,1,33438.0,1
2747,668,1,67546.0,1
2781,7,1,72066.0,0
2782,354,1,54456.0,1
2793,344,1,70179.0,1
2795,364,1,30523.0,1
2797,314,1,72117.0,1
2798,605,1,102160.0,1
2802,562,1,87000.0,1
2804,681,1,46098.0,1
2807,499,1,56796.0,1
2811,79,1,48918.0,0
2814,368,1,30560.0,1
2815,126,1,33183.0,1
2826,245,1,22574.0,1
2829,112,1,65210.0,1
2831,3,1,78416.0,0
2836,287,1,43269.0,1
2849,455,1,60474.0,1
2853,111,1,51766.0,1
2861,440,1,24072.0,1
2863,311,1,51381.5,1
2868,448,1,26518.0,1
2870,647,1,49094.0,1
2874,480,1,35388.0,1
2875,118,1,67023.0,1
2877,525,1,46014.0,1
2878,275,1,67472.0,1
2882,637,1,67893.0,1
2886,322,1,74290.0,1
2891,255,1,68118.0,1
2894,244,1,72903.0,1
2895,250,1,49980.0,1
2902,665,1,51381.5,1
2909,131,1,78128.0,1
2918,443,1,28510.0,1
2920,576,1,52614.0,1
2926,676,1,55951.0,1
2928,576,1,52614.0,1
2929,495,1,20180.0,1
2930,196,1,68092.0,1
2931,647,1,71847.0,1
2936,208,1,23661.0,1
2937,306,1,68352.0,1
2939,8,1,79419.0,0
2942,419,1,45906.0,1
2945,78,1,46015.0,0
2948,121,1,62637.0,1
2952,75,1,36273.0,0
2958,126,1,28442.0,1
2961,489,1,42081.0,1
2963,59,1,75507.0,0
2964,257,1,26872.0,1
2968,514,1,48948.0,1
2975,595,1,85606.0,1
2980,465,1,8820.0,1
2986,110,1,30772.0,1
2995,317,1,66636.0,1
3005,60,1,83528.0,0
3006,434,1,30992.0,1
3007,634,1,37758.0,1
3009,356,1,71670.0,1
3010,59,1,88420.0,0
3011,154,1,69139.0,1
3025,357,1,49967.0,1
3032,488,1,24570.0,1
3033,415,1,38620.0,1
3037,375,1,50150.0,1
3050,195,1,54198.0,1
3056,259,1,63693.0,1
3066,146,1,61905.0,1
3068,244,1,18351.0,1
3074,623,1,70643.0,1
3075,292,1,59973.0,1
3076,661,1,66653.0,1
3081,434,1,41014.0,1
3083,339,1,45837.0,1
3091,59,1,75774.0,0
3099,490,1,44267.0,1
3102,257,1,19414.0,1
3104,651,1,82332.0,1
3107,59,1,71322.0,0
3112,298,1,22701.0,1
3117,255,1,51381.5,1
3120,306,1,38547.0,1
3129,39,1,30096.0,0
3130,391,1,18701.0,1
3136,443,1,59432.0,1
3138,618,1,91249.0,1
3139,182,1,74116.0,1
3152,125,1,26091.0,1
3153,204,1,40737.0,1
3158,543,1,32300.0,1
3170,303,1,68148.0,1
3174,404,1,87771.0,1
3179,379,1,81741.0,1
3182,91,1,46854.0,1
3194,86,1,71466.0,0
3197,196,1,77353.0,1
3202,637,1,51563.0,1
3220,501,1,39922.0,1
3225,455,1,42207.0,1
3231,217,1,37971.0,1
3233,464,1,62745.0,1
3254,259,1,70886.0,1
3262,692,1,68281.0,1
3265,468,1,35701.0,1
3266,68,1,42523.0,0
3267,5,1,57288.0,0
3270,529,1,17117.0,1
3276,248,1,36301.0,1
3277,696,1,49431.0,1
3281,239,1,49154.0,1
3283,162,1,70932.0,1
3286,121,1,26642.0,1
3298,599,1,52973.0,1
3308,178,1,35704.0,1
3310,677,1,35688.0,1
3312,49,1,34176.0,0
3321,421,1,56575.0,1
3332,670,1,29760.0,1
3334,138,1,94642.0,1
3336,221,1,66375.0,1
3340,682,1,42014.0,1
3363,105,1,20130.0,1
3376,199,1,55282.0,1
3381,22,1,54348.0,0
3386,374,1,34935.0,1
3388,243,1,70844.0,1
3389,585,1,69016.0,1
3403,644,1,78952.0,1
3406,616,1,45989.0,1
3409,258,1,36108.0,1
3412,531,1,67381.0,1
3421,435,1,63841.0,1
3422,578,1,76068.0,1
3426,350,1,70300.0,1
3427,444,1,59821.0,1
3428,267,1,68682.0,1
3433,392,1,72635.0,1
3434,49,1,80872.0,0
3436,155,1,14045.0,1
3439,607,1,56721.0,1
3445,529,1,60714.0,1
3463,16,1,69283.0,0
3469,662,1,34487.0,1
3478,371,1,60585.0,1
3479,346,1,16813.0,1
3483,450,1,48192.0,1
3491,427,1,55914.0,1
3498,582,1,55424.0,1
3503,210,1,82460.0,1
3507,682,1,76467.0,1
3515,133,1,62307.0,1
3517,420,1,40887.0,1
3518,572,1,25271.0,1
3520,460,1,91172.0,1
3523,523,1,75072.0,1
3524,330,1,39763.0,1
3525,570,1,38200.0,1
3526,154,1,38443.0,1
3535,105,1,66294.0,1
3536,463,1,19740.0,1
3537,682,1,31089.0,1
3547,547,1,41021.0,1
3551,93,1,60033.0,1
3559,51,1,16248.0,0
3560,414,1,83844.0,1
3565,92,1,38452.0,1
3570,252,1,42731.0,1
3571,622,1,63342.0,1
3578,253,1,49160.0,1
3584,679,1,49667.0,1
3594,602,1,54108.0,1
3595,122,1,77226.0,1
3598,403,1,62710.0,1
3599,581,1,63684.0,1
3602,181,1,51412.0,1
3619,645,1,87305.0,1
3623,19,1,21675.0,0
3628,517,1,15038.0,1
3629,558,1,38557.0,1
3635,54,1,52597.0,0
3641,526,1,13624.0,1
3643,102,1,63206.0,1
3645,669,1,27213.0,1
3657,501,1,39146.0,1
3661,626,1,80617.0,1
3665,235,1,25315.0,1
3667,487,1,80952.0,1
3673,351,1,55239.0,1
3678,631,1,60208.0,1
3690,535,1,80141.0,1
3696,154,1,30630.0,1
3697,503,1,39898.0,1
3698,690,1,78687.0,1
3706,313,1,28647.0,1
3710,626,1,39684.0,1
3711,121,1,80184.0,1
3712,306,1,52332.0,1
3717,68,1,61180.0,0
3722,75,1,44503.0,0
3725,417,1,84865.0,1
3726,134,1,34320.0,1
3732,511,1,52750.0,1
3745,664,1,23331.0,1
3749,485,1,73926.0,1
3759,340,1,65196.0,1
3762,454,1,69867.0,1
3766,683,1,33051.0,1
3767,431,1,61314.0,1
3769,120,1,51381.5,1
3783,98,1,52854.0,1
3790,158,1,34633.0,1
3798,236,1,41120.0,1
3799,216,1,67225.0,1
3807,577,1,59925.0,1
3828,498,1,71107.0,1
3829,202,1,24594.0,1
3830,67,1,59354.0,0
3834,470,1,69627.0,1
3839,423,1,15056.0,1
3846,670,1,42557.0,1
3850,570,1,14918.0,1
3852,479,1,74881.0,1
3855,438,1,22419.0,1
3856,633,1,63381.0,1
3859,303,1,73059.0,1
3865,426,1,20981.0,1
3867,303,1,73059.0,1
3870,506,1,63855.0,1
3878,123,1,31859.0,1
3885,257,1,33569.0,1
3887,596,1,27242.0,1
3896,235,1,27255.0,1
3900,93,1,65685.0,1
3910,265,1,83829.0,1
3916,684,1,49269.0,1
3919,476,1,72309.0,1
3921,610,1,28457.0,1
3924,105,1,57912.0,1
3933,625,1,44010.0,1
3934,332,1,61286.0,1
3945,477,1,68117.0,1
3955,8,1,4861.0,0
3967,248,1,78931.0,1
3968,367,1,65706.0,1
3969,241,1,43018.0,1
3972,453,1,50200.0,1
3979,404,1,90687.0,1
4001,20,1,64014.0,0
4002,260,1,77037.0,1
4012,688,1,62220.0,1
4023,662,1,22979.0,1
4037,381,1,31859.0,1
4042,625,1,43300.0,1
4047,170,1,65324.0,1
4050,9,1,49605.0,0
4055,32,1,18746.0,0
4058,261,1,61284.0,1
4065,503,1,49544.0,1
4066,50,1,21282.0,0
4070,667,1,94871.0,1
4073,152,1,63564.0,1
4084,164,1,60934.0,1
4086,549,1,18690.0,1
4088,571,1,31497.0,1
4093,504,1,53253.0,1
4094,674,1,60544.0,1
4095,657,1,37150.0,1
4096,186,1,41335.0,1
4098,153,1,24639.0,1
4099,595,1,30675.0,1
4102,458,1,37284.0,1
4107,265,1,46681.0,1
4114,688,1,79143.0,1
4119,415,1,38620.0,1
4120,195,1,49514.0,1
4122,670,1,79205.0,1
4127,493,1,77766.0,1
4128,345,1,56067.0,1
4136,574,1,7500.0,1
4137,206,1,70666.0,1
4138,37,1,76624.0,0
4141,313,1,71613.0,1
4148,679,1,38988.0,1
4149,48,1,76140.0,0
4168,467,1,37070.0,1
4174,74,1,55249.0,0
4179,314,1,24221.0,1
4184,23,1,52157.0,0
4186,329,1,34026.0,1
4188,686,1,36864.0,1
4198,475,1,29672.0,1
4200,13,1,44159.0,0
4201,484,1,57967.0,1
4207,425,1,87171.0,1
4211,609,1,20425.0,1
4216,493,1,91065.0,1
4220,240,1,59892.0,1
4227,297,1,32889.0,1
4240,604,1,17345.0,1
4246,200,1,6560.0,1
4248,133,1,98777.0,1
4252,99,1,44375.0,1
4259,279,1,19485.0,1
4261,583,1,82800.0,1
4268,21,1,53154.0,0
4271,634,1,38683.0,1
4278,392,1,87188.0,1
4279,91,1,39548.0,1
4286,172,1,57642.0,1
4290,103,1,30467.0,1
4297,155,1,23228.0,1
4298,98,1,20427.0,1
4299,647,1,70971.0,1
4301,536,1,35178.0,1
4303,569,1,6835.0,1
4310,159,1,80589.0,1
4320,459,1,60152.0,1
4322,215,1,77863.0,1
4324,609,1,42387.0,1
4328,296,1,21955.0,1
4329,38,1,18988.0,0
4331,158,1,85738.0,1
4333,99,1,32144.0,1
4338,97,1,39062.0,1
4339,181,1,67353.0,1
4345,169,1,51381.5,1
4351,429,1,37244.0,1
4356,306,1,71819.0,1
4368,209,1,47850.0,1
4369,171,1,65487.0,1
4370,229,1,43482.0,1
4376,135,1,32218.0,1
4377,539,1,52914.0,1
4381,316,1,46463.0,1
4385,395,1,36038.0,1
4390,76,1,75315.0,0
4391,435,1,63841.0,1
4394,38,1,81051.0,0
4399,5,1,68695.0,0
4405,335,1,63915.0,1
4406,530,1,67419.0,1
4415,656,1,16860.0,1
4418,490,1,89616.0,1
4426,281,1,55801.0,1
4427,650,1,83257.0,1
4432,471,1,31615.0,1
4436,495,1,20180.0,1
4437,432,1,65316.0,1
4440,293,1,64100.0,1
4442,451,1,46524.0,1
4444,98,1,30023.0,1
4452,33,1,50388.0,0
4459,547,1,30279.0,1
4470,385,1,58646.0,1
4472,3,1,35682.0,0
4475,499,1,69098.0,1
4477,276,1,69096.0,1
4478,463,1,63777.0,1
4480,113,1,60432.0,1
4483,439,1,72354.0,1
4487,522,1,39858.0,1
4491,637,1,62845.0,1
4500,267,1,68682.0,1
4501,232,1,69882.0,1
4507,580,1,72228.0,1
4508,39,1,75127.0,0
4518,436,1,85693.0,1
4530,614,1,78427.0,1
4541,249,1,38946.0,1
4543,607,1,82497.0,1
4547,439,1,13672.0,1
4548,219,1,41967.0,1
4550,6,1,33564.0,0
4552,373,1,51373.0,1
4554,272,1,47009.0,1
4557,269,1,22070.0,1
4580,248,1,75759.0,1
4587,347,1,45006.0,1
4597,363,1,82072.0,1
4599,238,1,49681.0,1
4603,150,1,65695.0,1
4607,311,1,71367.0,1
4608,125,1,81361.0,1
4609,170,1,57705.0,1
4611,525,1,105471.0,1
4619,33,1,113734.0,0
4637,408,1,74637.0,1
4640,647,1,70647.0,1
4643,673,1,27803.0,1
4646,211,1,78497.0,1
4653,461,1,42011.0,1
4654,235,1,75114.0,1
4656,457,1,51250.0,1
4669,504,1,24480.0,1
4673,608,1,81300.0,1
4676,117,1,73705.0,1
4679,38,1,78710.0,0
4682,258,1,51876.0,1
4686,89,1,82571.0,0
4687,403,1,80739.0,1
4690,502,1,50725.0,1
4692,698,1,7500.0,1
4697,382,1,35416.0,1
4698,375,1,50150.0,1
4702,687,1,61839.0,1
4706,429,1,34704.0,1
4712,579,1,20193.0,1
4713,585,1,31605.0,1
4725,78,1,50616.0,0
4741,151,1,65463.0,1
4743,484,1,56242.0,1
4749,642,1,58554.0,1
4754,278,1,33585.0,1
4756,192,1,63998.0,1
4764,680,1,40442.0,1
4767,84,1,70924.0,0
4769,12,1,57954.0,0
4785,77,1,77622.0,0
4786,634,1,75330.0,1
4789,286,1,80812.0,1
4790,28,1,79803.0,0
4791,561,1,44964.0,1
4796,72,1,49638.0,0
4808,298,1,15759.0,1
4817,695,1,22304.0,1
4827,477,1,54998.0,1
4828,12,1,79865.0,0
4832,115,1,27244.0,1
4837,499,1,71322.0,1
4838,376,1,22775.0,1
4843,39,1,75127.0,0
4855,389,1,30351.0,1
4856,601,1,82347.0,1
4860,479,1,24206.0,1
4864,424,1,34380.0,1
4865,303,1,53367.0,1
4867,283,1,38236.0,1
4877,118,1,38576.0,1
4887,220,1,55412.0,1
4910,669,1,68743.0,1
4915,696,1,53230.0,1
4927,166,1,16626.0,1
4931,427,1,157146.0,1
4937,20,1,46094.0,0
4939,668,1,37760.0,1
4943,638,1,70503.0,1
4944,311,1,71367.0,1
4945,600,1,53653.0,1
4947,653,1,89572.0,1
4954,160,1,48195.0,1
4961,160,1,21255.0,1
4964,155,1,74250.0,1
4967,458,1,38201.0,1
4971,571,1,31497.0,1
4973,50,1,20587.0,0
4974,643,1,83273.0,1
4988,57,1,34469.0,0
4990,424,1,59111.0,1
4992,284,1,17459.0,1
4994,272,1,77598.0,1
4998,38,1,76081.0,0
5010,148,1,25008.0,1
5011,255,1,68118.0,1
5012,361,1,28691.0,1
5015,654,1,34529.0,1
5025,188,1,48526.0,1
5029,328,1,18100.0,1
5031,646,1,83145.0,1
5036,579,1,42710.0,1
5043,602,1,26997.0,1
5046,158,1,78331.0,1
5048,415,1,42767.0,1
5049,389,1,30351.0,1
5057,289,1,61794.0,1
5062,338,1,54072.0,1
5063,559,1,28769.0,1
5067,136,1,80134.0,1
5068,334,1,22804.0,1
5074,357,1,28072.0,1
5077,240,1,77298.0,1
5079,484,1,51381.5,1
5080,252,1,70515.0,1
5081,253,1,47821.0,1
5084,187,1,58330.0,1
5092,503,1,51569.0,1
5093,650,1,25509.0,1
5107,42,1,35860.0,0
5113,235,1,86979.0,1
5114,558,1,74806.0,1
5117,697,1,32632.0,1
5120,643,1,66664.0,1
5121,101,1,56628.0,1
5123,441,1,27450.0,1
5125,409,1,79530.0,1
5136,164,1,65333.0,1
5138,532,1,28320.0,1
5140,675,1,64355.0,1
5147,336,1,90842.0,1
5150,560,1,20194.0,1
5153,493,1,77766.0,1
5154,323,1,37760.0,1
5156,166,1,62466.0,1
5172,228,1,65104.0,1
5176,204,1,29604.0,1
5177,200,1,58494.0,1
5180,73,1,50616.0,0
5181,467,1,24367.0,1
5184,96,1,34824.0,1
5185,501,1,74268.0,1
5186,110,1,58482.0,1
5204,366,1,74538.0,1
5207,644,1,53378.0,1
5209,378,1,50002.0,1
5221,576,1,52852.0,1
5223,68,1,45903.0,0
5229,134,1,54132.0,1
5231,123,1,45894.0,1
5232,154,1,69139.0,1
5234,354,1,30753.0,1
5236,674,1,77568.0,1
5237,180,1,48767.0,1
5247,51,1,38725.0,0
5250,243,1,51381.5,1
5252,612,1,23910.0,1
5253,356,1,54603.0,1
5255,495,1,51381.5,1
5263,524,1,31056.0,1
5267,473,1,33986.0,1
5268,323,1,29440.0,1
5272,368,1,53843.0,1
5278,156,1,82224.0,1
5283,133,1,42473.0,1
5286,245,1,41020.0,1
5287,11,1,34961.0,0
5289,598,1,41658.0,1
5290,320,1,41551.0,1
5294,222,1,18358.0,1
5299,223,1,69084.0,1
5300,182,1,38961.0,1
5302,500,1,78394.0,1
5303,83,1,79632.0,0
5304,625,1,30899.0,1
5313,73,1,38196.0,0
5314,469,1,40689.0,1
5316,361,1,21024.0,1
5320,517,1,44051.0,1
5324,162,1,58293.0,1
5329,276,1,35946.0,1
5331,657,1,74985.0,1
5332,338,1,82504.0,1
5336,391,1,157733.0,1
5341,541,1,81975.0,1
5342,691,1,9548.0,1
5346,362,1,23559.0,1
5350,137,1,90638.0,1
5370,530,1,32644.0,1
5371,83,1,21474.0,0
5376,540,1,2447.0,1
5386,483,1,94384.0,1
5389,253,1,48920.0,1
5393,692,1,23763.0,1
5394,470,1,16014.0,1
5396,533,1,68487.0,1
5407,291,1,53103.0,1
5423,246,1,28359.0,1
5424,501,1,39922.0,1
5429,314,1,45579.0,1
5430,654,1,54450.0,1
5441,309,1,54111.0,1
5453,642,1,90226.0,1
5454,211,1,45057.0,1
5455,312,1,32011.0,1
5462,687,1,67445.0,1
5474,212,1,43020.0,1
5491,445,1,47352.0,1
5493,103,1,39356.0,1
5510,586,1,43263.0,1
5512,38,1,55842.0,0
5513,634,1,37758.0,1
5517,288,1,25293.0,1
5519,327,1,64090.0,1
5524,664,1,58138.0,1
5527,502,1,22434.0,1
5529,20,1,64014.0,0
5534,253,1,47808.0,1
5536,404,1,87771.0,1
5538,265,1,83829.0,1
5543,371,1,57811.0,1
5544,597,1,67384.0,1
5545,86,1,78075.0,0
5547,327,1,84169.0,1
5552,413,1,48721.0,1
5555,143,1,153924.0,1
5558,91,1,90933.0,1
5562,369,1,60093.0,1
5564,690,1,62882.0,1
5577,58,1,43776.0,0
5585,436,1,21359.0,1
5589,668,1,51983.0,1
5596,261,1,58821.0,1
5602,409,1,66973.0,1
5610,70,1,33456.0,0
5621,565,1,48752.0,1
5623,277,1,31535.0,1
5626,219,1,61798.0,1
5628,507,1,61416.0,1
5631,424,1,49767.0,1
5633,5,1,50183.0,0
5636,598,1,30983.0,1
5642,203,1,62499.0,1
5644,261,1,42213.0,1
5654,106,1,36026.0,1
5667,627,1,60896.0,1
5675,634,1,50611.0,1
5680,69,1,35684.0,0
5682,464,1,64108.0,1
5684,262,1,44635.0,1
5687,645,1,81702.0,1
5692,555,1,25443.0,1
5710,628,1,40548.0,1
5718,319,1,80763.0,1
5721,50,1,84117.0,0
5723,170,1,49187.0,1
5726,102,1,31788.0,1
5731,451,1,27100.0,1
5734,222,1,61917.0,1
5735,137,1,90638.0,1
5740,501,1,25959.0,1
5748,576,1,59754.0,1
5751,137,1,31163.0,1
5756,88,1,39453.0,0
5758,167,1,65169.0,1
5763,232,1,49854.0,1
5782,275,1,58582.0,1
5788,498,1,46053.0,1
5790,519,1,31158.0,1
5794,105,1,46374.0,1
5796,216,1,77437.0,1
5798,219,1,51381.5,1
5802,487,1,14188.0,1
5823,114,1,32303.0,1
5824,80,1,34578.0,0
5827,75,1,35246.0,0
5830,656,1,86857.0,1
5831,677,1,77870.0,1
5832,71,1,92556.0,0
5835,363,1,14849.0,1
5837,549,1,51479.0,1
5841,367,1,60894.0,1
5846,558,1,40246.0,1
5847,397,1,69901.0,1
5848,168,1,81205.0,1
5863,397,1,47703.0,1
5866,102,1,48186.0,1
5868,312,1,19107.0,1
5871,668,1,24401.0,1
5872,394,1,60689.0,1
5883,400,1,77981.0,1
5885,677,1,35688.0,1
5892,446,1,34968.0,1
5896,104,1,73395.0,1
5899,109,1,5648.0,1
5907,604,1,33444.0,1
5909,284,1,58512.0,1
5922,260,1,40344.0,1
5929,55,1,37401.0,0
5935,553,1,55284.0,1
5939,164,1,38232.0,1
5948,62,1,57338.0,0
5954,264,1,42618.0,1
5955,590,1,72025.0,1
5956,257,1,45072.0,1
5959,623,1,35893.0,1
5961,23,1,42693.0,0
5966,597,1,45207.0,1
5967,347,1,33402.0,1
5975,273,1,40304.0,1
5985,625,1,33168.0,1
5987,57,1,10404.0,0
5989,440,1,78353.0,1
5991,387,1,48150.0,1
5995,559,1,39552.0,1
6001,544,1,56775.0,1
6019,92,1,37126.0,1
6024,483,1,94384.0,1
6036,105,1,89120.0,1
6049,207,1,73450.0,1
6050,566,1,57036.0,1
6055,606,1,71626.0,1
6059,483,1,64504.0,1
6071,346,1,81217.0,1
6072,513,1,75345.0,1
6086,219,1,80395.0,1
6097,530,1,50664.0,1
6103,297,1,42192.0,1
6116,360,1,48985.0,1
6119,416,1,36736.0,1
6131,211,1,70829.0,1
6141,431,1,49494.0,1
6142,314,1,65073.0,1
6147,620,1,25818.0,1
6168,350,1,45146.0,1
6173,240,1,77298.0,1
6177,418,1,33454.0,1
6181,699,1,52203.0,1
6182,140,1,26646.0,1
6183,385,1,58646.0,1
6184,565,1,68462.0,1
6197,436,1,27238.0,1
6200,448,1,75903.0,1
6201,213,1,38643.0,1
6202,633,1,63381.0,1
6203,310,1,74485.0,1
6205,126,1,32557.0,1
6211,59,1,37395.0,0
6214,451,1,43815.0,1
6215,183,1,31353.0,1
6218,618,1,59594.0,1
6222,245,1,22574.0,1
6230,500,1,44421.0,1
6233,661,1,65991.0,1
6237,205,1,7144.0,1
6245,382,1,59292.0,1
6246,229,1,73892.0,1
6248,256,1,91712.0,1
6250,588,1,54356.0,1
6255,27,1,70545.0,0
6257,523,1,60482.0,1
6260,588,1,82384.0,1
6261,216,1,58025.0,1
6262,446,1,72217.0,1
6263,677,1,35322.0,1
6271,11,1,50870.0,0
6274,227,1,83790.0,1
6281,501,1,55686.0,1
6283,435,1,63841.0,1
6287,335,1,34728.0,1
6289,428,1,59385.0,1
6292,457,1,82333.0,1
6295,511,1,54233.0,1
6299,544,1,42564.0,1
6303,219,1,91820.0,1
6310,294,1,33039.0,1
6312,470,1,65031.0,1
6318,533,1,68487.0,1
6320,509,1,70893.0,1
6327,193,1,65777.0,1
6336,85,1,29315.0,0
6340,246,1,29938.0,1
6343,91,1,79823.0,1
6347,368,1,15862.0,1
6349,359,1,61787.0,1
6354,668,1,15345.0,1
6355,13,1,44359.0,0
6357,225,1,59052.0,1
6365,301,1,30390.0,1
6374,409,1,36930.0,1
6376,385,1,57537.0,1
6379,397,1,47570.0,1
6382,4,1,48794.0,0
6383,36,1,32892.0,0
6384,139,1,71022.0,1
6387,53,1,52190.0,0
6398,93,1,18393.0,1
6404,463,1,58917.0,1
6406,245,1,78285.0,1
6409,408,1,57136.0,1
6417,624,1,80573.0,1
6421,362,1,88347.0,1
6422,529,1,86718.0,1
6424,151,1,33178.0,1
6428,58,1,76842.0,0
6431,492,1,45759.0,1
6437,376,1,41473.0,1
6439,682,1,61074.0,1
6445,351,1,66825.0,1
6457,32,1,64892.0,0
6460,352,1,28718.0,1
6461,407,1,62772.0,1
6466,110,1,57236.0,1
6471,256,1,36230.0,1
6488,85,1,38829.0,0
6497,600,1,51651.0,1
6504,222,1,19789.0,1
6507,269,1,30828.0,1
6515,206,1,39771.0,1
6516,469,1,17487.0,1
6518,384,1,67680.0,1
6521,104,1,77972.0,1
6528,25,1,18492.0,0
6534,177,1,47889.0,1
6543,531,1,62847.0,1
6544,39,1,67911.0,0
6565,459,1,76995.0,1
6566,599,1,72550.0,1
6568,459,1,38680.0,1
6575,611,1,56386.0,1
6583,392,1,72635.0,1
6605,215,1,55614.0,1
6606,456,1,70091.0,1
6609,650,1,27038.0,1
6613,626,1,44511.0,1
6616,250,1,59481.0,1
6619,544,1,38415.0,1
6634,327,1,33462.0,1
6637,240,1,66951.0,1
6642,523,1,27215.0,1
6646,121,1,16529.0,1
6652,21,1,77343.0,0
6653,700,1,55158.0,1
6658,343,1,59868.0,1
6661,687,1,67445.0,1
6663,357,1,51141.0,1
6673,468,1,23478.0,1
6678,94,1,31928.0,1
6679,18,1,33279.0,0
6682,566,1,18978.0,1
6690,473,1,38179.0,1
6694,217,1,75236.0,1
6710,590,1,58217.0,1
6715,544,1,60200.0,1
6720,257,1,43795.0,1
6721,336,1,71965.0,1
6722,2,1,70421.0,0
6728,672,1,29103.0,1
6729,689,1,68655.0,1
6730,604,1,38998.0,1
6742,533,1,17688.0,1
6749,691,1,86358.0,1
6768,534,1,37859.0,1
6770,314,1,21355.0,1
6798,467,1,37070.0,1
6810,398,1,82025.0,1
6815,38,1,96547.0,0
6818,656,1,44989.0,1
6825,481,1,41452.0,1
6853,361,1,75777.0,1
6856,665,1,21645.0,1
6859,265,1,29236.0,1
6862,43,1,1730.0,0
6864,39,1,10979.0,0
6866,99,1,35924.0,1
6870,286,1,68805.0,1
6872,313,1,65352.0,1
6875,671,1,32727.0,1
6878,565,1,27421.0,1
6885,211,1,32952.0,1
6887,67,1,79146.0,0
6892,27,1,61671.0,0
6905,677,1,80685.0,1
6906,392,1,84953.0,1
6912,314,1,63246.0,1
6918,361,1,28691.0,1
6919,391,1,26224.0,1
6927,633,1,44377.0,1
6931,135,1,76982.0,1
6932,443,1,93027.0,1
6935,211,1,78497.0,1
6940,252,1,46734.0,1
6941,351,1,31632.0,1
6945,391,1,84574.0,1
6950,197,1,49572.0,1
6958,360,1,27889.0,1
6961,39,1,26751.0,0
6963,117,1,77457.0,1
6969,327,1,50272.0,1
6974,181,1,83443.0,1
6977,624,1,75702.0,1
6982,468,1,74068.0,1
6983,60,1,38054.0,0
6988,536,1,71952.0,1
6991,446,1,43185.0,1
6999,48,1,69661.0,0
7000,260,1,65704.0,1
7002,270,1,62535.0,1
7004,471,1,11012.0,1
7005,14,1,58684.0,0
7007,90,1,29543.0,0
7010,84,1,70924.0,0
7011,626,1,33471.0,1
7019,523,1,54414.0,1
7022,640,1,76445.0,1
7023,581,1,46231.0,1
7030,457,1,66465.0,1
7034,302,1,25804.0,1
7037,323,1,37087.0,1
7042,486,1,36790.0,1
7053,366,1,78420.0,1
7055,629,1,61010.0,1
7059,4,1,80124.0,0
7072,458,1,67432.0,1
7079,660,1,63887.0,1
7093,228,1,19986.0,1
7094,187,1,58330.0,1
7101,521,1,52278.0,1
7106,91,1,75865.0,1
7108,660,1,51390.0,1
7118,698,1,73803.0,1
7119,534,1,68627.0,1
7124,514,1,36997.0,1
7128,205,1,42997.0,1
7129,498,1,54693.0,1
7141,548,1,21888.0,1
7143,236,1,74805.0,1
7152,451,1,27100.0,1
7165,251,1,64474.0,1
7181,235,1,30368.0,1
7186,35,1,30843.0,0
7187,408,1,51381.5,1
7192,441,1,65748.0,1
7196,142,1,41145.0,1
7212,22,1,44794.0,0
7214,360,1,62187.0,1
7215,475,1,101970.0,1
7224,183,1,31353.0,1
7230,634,1,50611.0,1
7232,139,1,42429.0,1
7233,651,1,69209.0,1
7235,203,1,17003.0,1
7244,180,1,51381.5,1
7247,585,1,47916.0,1
7250,272,1,57867.0,1
7254,185,1,38361.0,1
7261,545,1,34600.0,1
7264,49,1,52195.0,0
7270,156,1,56981.0,1
7274,640,1,78618.0,1
7275,269,1,33316.0,1
7279,273,1,69476.0,1
7281,237,1,51381.5,1
7284,208,1,48686.0,1
7286,402,1,41728.0,1
7290,633,1,70596.0,1
7297,186,1,7500.0,1
7300,1,1,69142.0,0
7301,590,1,23616.0,1
7313,392,1,74859.0,1
7321,38,1,76081.0,0
7325,366,1,38197.0,1
7326,99,1,56850.0,1
7327,183,1,36732.0,1
7342,659,1,59184.0,1
7348,105,1,71691.0,1
7349,636,1,9722.0,1
7352,252,1,55267.0,1
7366,361,1,75777.0,1
7369,271,1,36959.0,1
7373,609,1,46610.0,1
7375,613,1,51369.0,1
7378,668,1,42021.0,1
7381,571,1,75693.0,1
7384,344,1,39767.0,1
7386,434,1,30992.0,1
7393,567,1,41580.0,1
7396,597,1,80398.0,1
7397,346,1,49090.0,1
7408,119,1,54549.0,1
7409,247,1,53187.0,1
7411,25,1,31686.0,0
7414,653,1,43824.0,1
7419,68,1,27071.0,0
7422,677,1,46923.0,1
7426,235,1,54690.0,1
7428,273,1,80144.0,1
7431,597,1,68126.0,1
7433,670,1,29760.0,1
7437,63,1,27938.0,0
7441,632,1,71128.0,1
7444,254,1,42169.0,1
7446,294,1,62513.0,1
7451,133,1,98777.0,1
7453,513,1,36130.0,1
7458,481,1,34941.0,1
7462,583,1,22507.0,1
7476,575,1,63972.0,1
7485,54,1,56551.0,0
7488,524,1,64191.0,1
7494,525,1,42873.0,1
7495,192,1,56223.0,1
7500,67,1,79146.0,0
7503,626,1,75825.0,1
7505,162,1,44155.0,1
7514,362,1,54342.0,1
7516,39,1,30096.0,0
7521,414,1,83844.0,1
7527,586,1,23748.0,1
7530,54,1,56551.0,0
7532,669,1,43586.0,1
7533,279,1,49096.0,1
7540,36,1,50300.0,0
7573,416,1,31626.0,1
7574,51,1,27922.0,0
7592,438,1,51012.0,1
7600,245,1,15253.0,1
7610,438,1,37292.0,1
7613,37,1,49669.0,0
7617,319,1,42373.0,1
7620,329,1,16185.0,1
7627,565,1,92163.0,1
7628,104,1,43050.0,1
7629,53,1,22108.0,0
7631,267,1,61346.0,1
7646,132,1,64449.0,1
7660,42,1,35860.0,0
7679,42,1,30298.0,0
7683,125,1,70777.0,1
7685,294,1,33039.0,1
7698,50,1,51650.0,0
7699,271,1,40590.0,1
7706,600,1,46772.0,1
7712,63,1,62159.0,0
7718,71,1,66000.0,0
7723,59,1,75507.0,0
7725,114,1,76800.0,1
7732,179,1,64813.0,1
7734,558,1,79244.0,1
7736,616,1,22518.0,1
7755,230,1,57744.0,1
7761,333,1,38702.0,1
7786,502,1,29999.0,1
7787,668,1,62807.0,1
7788,26,1,23536.0,0
7789,220,1,84618.0,1
7791,288,1,37054.0,1
7793,303,1,62061.0,1
7798,563,1,46344.0,1
7801,291,1,54753.0,1
7807,656,1,44989.0,1
7822,391,1,54058.0,1
7828,61,1,77882.0,0
7829,277,1,36640.0,1
7832,306,1,77520.0,1
7842,456,1,36065.0,1
7848,382,1,49166.0,1
7849,294,1,80336.0,1
7851,281,1,70165.0,1
7861,145,1,77027.0,1
7872,656,1,86836.0,1
7873,359,1,63516.0,1
7875,62,1,72025.0,0
7881,275,1,66835.0,1
7892,544,1,18589.0,1
7899,609,1,77610.0,1
7901,236,1,34109.0,1
7912,434,1,38136.0,1
7919,686,1,72335.0,1
7922,687,1,64950.0,1
7930,315,1,26877.0,1
7937,73,1,24711.0,0
7938,270,1,51518.0,1
7943,66,1,36663.0,0
7947,97,1,42231.0,1
7959,32,1,79410.0,0
7960,319,1,82122.0,1
7962,264,1,95169.0,1
7966,538,1,80982.0,1
7972,286,1,72906.0,1
7987,115,1,65747.0,1
7990,697,1,27469.0,1
7998,566,1,28087.0,1
7999,433,1,75261.0,1
8008,203,1,36075.0,1
8015,423,1,85696.0,1
8017,11,1,51111.0,0
8026,273,1,62998.0,1
8029,62,1,90247.0,0
8036,73,1,26850.0,0
8041,660,1,47111.0,1
8070,121,1,54222.0,1
8079,124,1,22448.0,1
8080,682,1,26816.0,1
8082,405,1,25721.0,1
8086,201,1,42243.0,1
8091,666,1,63943.0,1
8093,2,1,79734.0,0
8104,325,1,53312.0,1
8132,451,1,60631.0,1
8135,245,1,27161.0,1
8140,270,1,22682.0,1
8143,335,1,37929.0,1
8146,50,1,46106.0,0
8147,359,1,31454.0,1
8148,538,1,50898.0,1
8151,548,1,24279.0,1
8159,90,1,51287.0,0
8162,545,1,14661.0,1
8164,217,1,82170.0,1
8175,374,1,34935.0,1
8180,227,1,59354.0,1
8181,290,1,38593.0,1
8182,176,1,23228.0,1
8204,561,1,78041.0,1
8207,104,1,53233.0,1
8210,319,1,54730.0,1
8212,459,1,39791.0,1
8213,598,1,14515.0,1
8216,262,1,53761.0,1
8230,158,1,33228.0,1
8233,155,1,64866.0,1
8234,319,1,27190.0,1
8235,157,1,69245.0,1
8254,443,1,34596.0,1
8268,354,1,51381.5,1
8275,141,1,47025.0,1
8278,673,1,74214.0,1
8286,314,1,51717.0,1
8299,292,1,33996.0,1
8310,670,1,68142.0,1
8312,15,1,28249.0,0
8314,451,1,79908.0,1
8315,96,1,34824.0,1
8318,178,1,90300.0,1
8334,269,1,33316.0,1
8341,61,1,30396.0,0
8346,680,1,32233.0,1
8360,235,1,54690.0,1
8362,327,1,84169.0,1
8369,599,1,18227.0,1
8370,697,1,75484.0,1
8372,364,1,34421.0,1
8373,202,1,24594.0,1
8375,119,1,55954.0,1
8387,541,1,43140.0,1
8395,679,1,82014.0,1
8397,171,1,44689.0,1
8402,195,1,67087.0,1
8405,273,1,68274.0,1
8414,317,1,33419.0,1
8416,213,1,29009.0,1
8418,92,1,38741.0,1
8420,331,1,15315.0,1
8427,584,1,64857.0,1
8430,553,1,21994.0,1
8432,654,1,54450.0,1
8439,24,1,63404.0,0
8442,299,1,19510.0,1
8443,140,1,24762.0,1
8461,112,1,46102.0,1
8462,659,1,24882.0,1
8475,121,1,157243.0,1
8477,476,1,26150.0,1
8486,637,1,30538.0,1
8492,233,1,75437.0,1
8504,49,1,79593.0,0
8514,164,1,29478.0,1
8523,198,1,19329.0,1
8524,650,1,25509.0,1
8527,205,1,65735.0,1
8534,349,1,67433.0,1
8537,488,1,72643.0,1
8541,114,1,24683.0,1
8545,101,1,85683.0,1
8553,372,1,44300.0,1
8557,378,1,51381.5,1
8560,658,1,48789.0,1
8562,398,1,54165.0,1
8566,15,1,32583.0,0
8581,482,1,49505.0,1
8584,387,1,85431.0,1
8588,674,1,60544.0,1
8594,153,1,50520.0,1
8595,139,1,42429.0,1
8601,427,1,80011.0,1
8602,383,1,69932.0,1
8605,99,1,46910.0,1
8614,49,1,65486.0,0
8619,553,1,21994.0,1
8624,509,1,81320.0,1
8625,230,1,17649.0,1
8629,461,1,46984.0,1
8643,400,1,69930.0,1
8650,469,1,54162.0,1
8652,668,1,37760.0,1
8659,160,1,69805.0,1
8663,39,1,39996.0,0
8685,682,1,42014.0,1
8686,538,1,23724.0,1
8687,420,1,53172.0,1
8690,437,1,86111.0,1
8692,656,1,43462.0,1
8700,555,1,14906.0,1
8702,314,1,26907.0,1
8707,677,1,79456.0,1
8717,656,1,80427.0,1
8720,687,1,51381.5,1
8722,601,1,82347.0,1
8724,378,1,28567.0,1
8726,62,1,41713.0,0
8727,259,1,63693.0,1
8732,590,1,67369.0,1
8737,86,1,55563.0,0
8746,86,1,75433.0,0
8749,149,1,37235.0,1
8754,410,1,45068.0,1
8755,495,1,68657.0,1
8773,370,1,57420.0,1
8775,185,1,38361.0,1
8779,379,1,36145.0,1
8780,382,1,59292.0,1
8783,660,1,57045.0,1
8786,400,1,62058.0,1
8789,170,1,59060.0,1
8799,280,1,38175.0,1
8800,514,1,48948.0,1
8805,575,1,48904.0,1
8812,477,1,13533.0,1
8825,455,1,51195.0,1
8832,656,1,37509.0,1
8842,552,1,30372.0,1
8852,668,1,61064.0,1
8858,480,1,44325.0,1
8867,668,1,67546.0,1
8870,594,1,35196.0,1
8876,691,1,33629.0,1
8890,31,1,65808.0,0
8895,633,1,70596.0,1
8897,432,1,42720.0,1
8908,53,1,87195.0,0
8910,609,1,42586.0,1
8911,448,1,56320.0,1
8916,342,1,36627.0,1
8920,534,1,59235.0,1
8923,438,1,83917.0,1
8925,362,1,70053.0,1
8931,43,1,83033.0,0
8932,609,1,65176.0,1
8933,49,1,32146.0,0
8939,561,1,61250.0,1
8945,318,1,54137.0,1
8952,602,1,65569.0,1
8953,420,1,35791.0,1
8955,134,1,40451.0,1
8957,385,1,64831.0,1
8962,74,1,44319.0,0
8969,530,1,71855.0,1
8970,615,1,62010.0,1
8975,155,1,19514.0,1
8977,534,1,16581.0,1
8985,603,1,68316.0,1
8996,588,1,51381.5,1
9010,505,1,83151.0,1
9014,4,1,37085.0,0
9029,520,1,70116.0,1
9058,645,1,79800.0,1
9064,598,1,69109.0,1
9076,541,1,30732.0,1
9080,373,1,38578.0,1
9081,43,1,20518.0,0
9094,696,1,62972.0,1
9097,239,1,46086.0,1
9119,207,1,60905.0,1
9120,572,1,66565.0,1
9121,406,1,80134.0,1
9135,693,1,27203.0,1
9140,187,1,50523.0,1
9145,450,1,72504.0,1
9150,79,1,48918.0,0
9153,336,1,59304.0,1
9166,325,1,63967.0,1
9167,461,1,67131.0,1
9185,245,1,69759.0,1
9197,126,1,39722.0,1
9204,656,1,66731.0,1
9206,174,1,77382.0,1
9209,624,1,80573.0,1
9212,501,1,72828.0,1
9213,607,1,31880.0,1
9214,318,1,42691.0,1
9215,565,1,43974.0,1
9216,158,1,35788.0,1
9220,529,1,91700.0,1
9224,565,1,55260.0,1
9235,34,1,51381.5,0
9239,339,1,61923.0,1
9240,143,1,60504.0,1
9242,317,1,64509.0,1
9246,624,1,40101.0,1
9256,542,1,58350.0,1
9260,602,1,70356.0,1
9262,361,1,32414.0,1
9264,64,1,79529.0,0
9265,537,1,75027.0,1
9274,459,1,80950.0,1
9283,291,1,60199.0,1
9284,387,1,53977.0,1
9286,628,1,83151.0,1
9289,81,1,36781.0,0
9291,99,1,34242.0,1
9292,612,1,81795.0,1
9298,63,1,81574.0,0
9303,335,1,5305.0,1
9305,414,1,79689.0,1
9308,415,1,62820.0,1
9316,240,1,13084.0,1
9323,661,1,49912.0,1
9336,100,1,62187.0,1
9347,374,1,50943.0,1
9349,193,1,92533.0,1
9353,175,1,62450.0,1
9360,691,1,37040.0,1
9362,117,1,69263.0,1
9365,555,1,60000.0,1
9369,103,1,88194.0,1
9370,409,1,65846.0,1
9381,383,1,66373.0,1
9384,383,1,66373.0,1
9386,32,1,50127.0,0
9392,53,1,26954.0,0
9396,584,1,37717.0,1
9400,9,1,85485.0,0
9405,623,1,52869.0,1
9422,395,1,38360.0,1
9423,127,1,32765.0,1
9426,534,1,58308.0,1
9432,393,1,666666.0,1
9449,269,1,79761.0,1
9451,582,1,73538.0,1
9460,438,1,22419.0,1
9463,594,1,71706.0,1
9467,50,1,34738.0,0
9477,170,1,65324.0,1
9478,685,1,66503.0,1
9481,153,1,17148.0,1
9483,315,1,57957.0,1
9485,112,1,45921.0,1
9491,185,1,23976.0,1
9493,421,1,76412.0,1
9495,418,1,71853.0,1
9499,419,1,93404.0,1
9500,521,1,58113.0,1
9503,670,1,28071.0,1
9504,236,1,81698.0,1
9507,449,1,40794.0,1
9516,681,1,49118.0,1
9523,317,1,40479.0,1
9529,214,1,73687.0,1
9530,606,1,24645.0,1
9543,228,1,19986.0,1
9553,537,1,7500.0,1
9559,157,1,57072.0,1
9560,484,1,83003.0,1
9576,504,1,32313.0,1
9579,358,1,33762.0,1
9589,86,1,82032.0,0
9592,365,1,22010.0,1
9595,535,1,64260.0,1
9596,189,1,65295.0,1
9597,140,1,73448.0,1
9606,307,1,69969.0,1
9612,143,1,23830.0,1
9617,75,1,15033.0,0
9624,17,1,65488.0,0
9635,71,1,35876.0,0
9645,624,1,64590.0,1
9648,604,1,46904.0,1
9653,622,1,35797.0,1
9665,429,1,54237.0,1
9668,534,1,18793.0,1
9671,155,1,19514.0,1
9672,191,1,23162.0,1
9687,30,1,73170.0,0
9697,116,1,53790.0,1
9699,191,1,67272.0,1
9701,468,1,41883.0,1
9703,623,1,38097.0,1
9706,371,1,31560.0,1
9707,584,1,55212.0,1
9710,526,1,58086.0,1
9723,536,1,67716.0,1
9725,25,1,28764.0,0
9727,122,1,23539.0,1
9729,393,1,58275.0,1
9733,659,1,24882.0,1
9736,553,1,41850.0,1
9738,533,1,42386.0,1
9739,527,1,34377.0,1
9743,535,1,76998.0,1
9750,508,1,64325.0,1
9757,269,1,84906.0,1
9760,521,1,52278.0,1
9771,633,1,23331.0,1
9780,370,1,71499.0,1
9790,219,1,78499.0,1
9797,78,1,58116.0,0
9799,418,1,83664.0,1
9805,375,1,56129.0,1
9817,678,1,44802.0,1
9826,656,1,86857.0,1
9829,138,1,28587.0,1
9847,696,1,62972.0,1
9850,578,1,24884.0,1
9855,309,1,62000.0,1
9860,472,1,44911.0,1
9862,228,1,21918.0,1
9888,5,1,68695.0,0
9904,458,1,71391.0,1
9905,352,1,34074.0,1
9907,208,1,66476.0,1
9909,598,1,7500.0,1
9916,604,1,38998.0,1
9923,285,1,46423.0,1
9925,401,1,39665.0,1
9930,237,1,82716.0,1
9931,7,1,4023.0,0
9937,179,1,70337.0,1
9938,284,1,80067.0,1
9940,554,1,64961.0,1
9949,620,1,59809.0,1
9952,201,1,78093.0,1
9955,503,1,39898.0,1
9958,93,1,65685.0,1
9960,61,1,26868.0,0
9964,327,1,61825.0,1
9967,396,1,53034.0,1
9970,256,1,55375.0,1
9971,80,1,65526.0,0
9972,78,1,46015.0,0
9973,621,1,50437.0,1
9974,353,1,30631.0,1
9977,286,1,78901.0,1
9984,460,1,56337.0,1
9986,128,1,19444.0,1
9988,484,1,70379.0,1
9999,641,1,75276.0,1
10001,698,1,7500.0,1
10010,662,1,36957.0,1
10022,141,1,54466.0,1
10031,505,1,16927.0,1
10032,163,1,12571.0,1
10033,137,1,31163.0,1
10037,57,1,74293.0,0
10057,346,1,72282.0,1
10061,541,1,59462.0,1
10065,331,1,15315.0,1
10067,324,1,25176.0,1
10069,668,1,13724.0,1
10084,43,1,24434.0,0
10089,451,1,102692.0,1
10091,406,1,60230.0,1
10092,497,1,70044.0,1
10095,425,1,74165.0,1
10099,268,1,55434.0,1
10102,49,1,79946.0,0
10104,239,1,33590.0,1
10120,249,1,38946.0,1
10127,85,1,58692.0,0
10128,387,1,53977.0,1
10129,110,1,82427.0,1
10133,138,1,93790.0,1
10140,275,1,70123.0,1
10141,416,1,39228.0,1
10142,480,1,66476.0,1
10144,613,1,51369.0,1
10146,120,1,38887.0,1
10150,221,1,86429.0,1
10151,656,1,62204.0,1
10156,392,1,84196.0,1
10157,156,1,59686.0,1
10159,456,1,58710.0,1
10160,374,1,50943.0,1
10163,293,1,82733.0,1
10164,88,1,94472.0,0
10172,689,1,68655.0,1
10175,333,1,32173.0,1
10176,675,1,57107.0,1
10177,501,1,72071.0,1
10196,110,1,71427.0,1
10203,365,1,26095.0,1
10207,376,1,22775.0,1
10212,533,1,42386.0,1
10219,377,1,31590.0,1
10232,237,1,48799.0,1
10236,287,1,31160.0,1
10240,496,1,69372.0,1
10241,197,1,11448.0,1
10242,287,1,47472.0,1
10245,607,1,80910.0,1
10250,587,1,28389.0,1
10258,420,1,35791.0,1
10260,308,1,45143.0,1
10262,416,1,15072.0,1
10264,628,1,15287.0,1
10270,270,1,35523.0,1
10277,494,1,30081.0,1
10281,143,1,64713.0,1
10286,147,1,83715.0,1
10299,598,1,48240.0,1
10304,549,1,18690.0,1
10307,303,1,50387.0,1
10311,268,1,4428.0,1
10313,610,1,48178.0,1
10314,561,1,83837.0,1
10319,489,1,66303.0,1
10323,248,1,49413.0,1
10339,372,1,51381.5,1
10340,594,1,35196.0,1
10341,127,1,51315.0,1
10343,639,1,61618.0,1
10350,417,1,54432.0,1
10352,661,1,34213.0,1
10356,646,1,41437.0,1
10364,352,1,23295.0,1
10377,389,1,46692.0,1
10379,234,1,59247.0,1
10380,283,1,37787.0,1
10381,360,1,47691.0,1
10383,454,1,70287.0,1
10390,505,1,26887.0,1
10394,189,1,90000.0,1
10395,677,1,8940.0,1
10398,672,1,24336.0,1
10401,299,1,26326.0,1
10402,501,1,35441.0,1
10403,12,1,16531.0,0
10413,66,1,72570.0,0
10420,56,1,46390.0,0
10424,203,1,75922.0,1
10430,264,1,89694.0,1
10432,151,1,19346.0,1
10446,600,1,82017.0,1
10448,616,1,46998.0,1
10451,475,1,29672.0,1
10466,312,1,44393.0,1
10469,145,1,88325.0,1
10470,472,1,40662.0,1
10473,658,1,78028.0,1
10475,455,1,51381.5,1
10476,48,1,67267.0,0
10477,328,1,39435.0,1
10478,641,1,55517.0,1
10479,570,1,76618.0,1
10486,397,1,77142.0,1
10489,315,1,92955.0,1
10490,567,1,51039.0,1
10492,6,1,38285.0,0
10500,86,1,31761.0,0
10505,186,1,73113.0,1
10507,340,1,59601.0,1
10509,28,1,36927.0,0
10513,526,1,63207.0,1
10521,292,1,54809.0,1
10524,375,1,49476.0,1
10525,625,1,26576.0,1
10530,205,1,67786.0,1
10536,36,1,32892.0,0
10542,694,1,36778.0,1
10548,113,1,71163.0,1
10552,406,1,54210.0,1
10556,37,1,54984.0,0
10560,14,1,36802.0,0
10562,275,1,66835.0,1
10573,224,1,62551.0,1
10581,607,1,41124.0,1
10582,362,1,72063.0,1
10584,210,1,65665.0,1
10590,457,1,76542.0,1
10591,693,1,43638.0,1
10595,357,1,30093.0,1
10598,441,1,27943.0,1
10602,501,1,39922.0,1
10609,261,1,42769.0,1
10613,124,1,37334.0,1
10617,39,1,10979.0,0
10619,574,1,95529.0,1
10623,227,1,48330.0,1
10629,654,1,51381.5,1
10634,72,1,59412.0,0
10637,545,1,40800.0,1
10640,298,1,44392.0,1
10641,550,1,7500.0,1
10642,547,1,30279.0,1
10643,536,1,42000.0,1
10648,643,1,66664.0,1
10652,171,1,65487.0,1
10659,419,1,7500.0,1
10660,169,1,66726.0,1
10664,296,1,51529.0,1
10669,409,1,54386.0,1
10673,225,1,68397.0,1
10675,453,1,66334.0,1
10676,605,1,63211.0,1
10678,214,1,71232.0,1
10680,145,1,33235.0,1
10681,166,1,62466.0,1
10686,551,1,34230.0,1
10691,381,1,28520.0,1
10699,14,1,44322.0,0
10701,292,1,65308.0,1
10702,604,1,52413.0,1
10703,681,1,46098.0,1
10704,678,1,54803.0,1
10708,184,1,36975.0,1
10710,670,1,7500.0,1
10711,271,1,69755.0,1
10722,313,1,55593.0,1
10727,223,1,69084.0,1
10735,334,1,22804.0,1
10736,291,1,72258.0,1
10738,305,1,49389.0,1
10741,445,1,47352.0,1
10742,488,1,86580.0,1
10749,650,1,8028.0,1
10755,301,1,23718.0,1
10757,188,1,28420.0,1
10766,80,1,65526.0,0
10767,45,1,77845.0,0
10770,155,1,65492.0,1
10779,78,1,22148.0,0
10785,11,1,44078.0,0
10789,492,1,45759.0,1
10790,496,1,18169.0,1
10795,55,1,37401.0,0
10796,159,1,30477.0,1
10812,121,1,46377.0,1
10814,530,1,70321.0,1
10821,509,1,57113.0,1
10826,549,1,18690.0,1
10827,692,1,36947.0,1
10832,347,1,46610.0,1
10833,37,1,65106.0,0
10837,610,1,23957.0,1
10839,77,1,36283.0,0
10841,552,1,56559.0,1
10846,32,1,43783.0,0
10854,38,1,38853.0,0
10855,159,1,50014.0,1
10856,363,1,45889.0,1
10858,294,1,76532.0,1
10862,682,1,30522.0,1
10868,509,1,70792.0,1
10870,382,1,61223.0,1
10872,584,1,55212.0,1
10882,598,1,53858.0,1
10888,239,1,45938.0,1
10897,687,1,67445.0,1
10905,609,1,42586.0,1
10906,265,1,46681.0,1
10909,166,1,92344.0,1
10913,572,1,31385.0,1
10914,261,1,24163.0,1
10925,167,1,76630.0,1
10928,287,1,66886.0,1
10936,502,1,72190.0,1
10949,196,1,72968.0,1
10951,156,1,45688.0,1
10955,174,1,85620.0,1
10965,493,1,76005.0,1
10967,509,1,33378.0,1
10968,584,1,57731.0,1
10971,665,1,37774.0,1
10972,112,1,72298.0,1
10981,148,1,84219.0,1
10983,517,1,75278.0,1
10991,570,1,89058.0,1
10992,670,1,75702.0,1
10995,595,1,15716.0,1
11003,271,1,25130.0,1
11004,44,1,60182.0,0
11007,417,1,29187.0,1
11010,304,1,16269.0,1
11013,456,1,67605.0,1
11025,512,1,36443.0,1
11030,178,1,33181.0,1
11031,405,1,48699.0,1
11039,286,1,51948.0,1
11051,51,1,77376.0,0
11056,611,1,72099.0,1
11071,435,1,79607.0,1
11074,82,1,85072.0,0
11075,244,1,51267.0,1
11084,228,1,65104.0,1
11086,163,1,25707.0,1
11088,435,1,78642.0,1
11091,45,1,34587.0,0
11092,120,1,27116.0,1
11096,326,1,57247.0,1
11100,445,1,51813.0,1
11101,441,1,89891.0,1
11110,443,1,3502.0,1
11112,574,1,70713.0,1
11114,507,1,19656.0,1
11121,597,1,19419.0,1
11133,620,1,48432.0,1
11148,407,1,22280.0,1
11166,513,1,49678.0,1
11171,262,1,56962.0,1
11176,49,1,65968.0,0
11178,99,1,42394.0,1
11181,305,1,156924.0,1
11187,406,1,26487.0,1
11188,125,1,26091.0,1
11191,205,1,41411.0,1
